nafn_upptoku_prufu_1.wav	S	Texti prufusetning 1
nafn_upptoku_prufu_2.wav	S	Texti prufusetning 2
nafn_upptoku_prufu_3.wav	S	Texti prufusetning 3
nafn_upptoku_prufu_4.wav	S	Texti prufusetning 4
nafn_upptoku_prufu_5.wav	R	Texti prufusetning 5
nafn_upptoku_prufu_6.wav	R	Texti prufusetning 6
nafn_upptoku_prufu_7.wav	R	Texti prufusetning 7
nafn_upptoku_prufu_8.wav	S	Texti prufusetning 8
nafn_upptoku_prufu_9.wav	R	Texti prufusetning 9
nafn_upptoku_prufu_10.wav	S	Texti prufusetning 10
nafn_upptoku_prufu_11.wav	R	Texti prufusetning 11