nafn_upptoku_prufu_1.wav	S	Texti prufusetning 1    1   1   Dæmi um spurningu1?
nafn_upptoku_prufu_2.wav	S	Texti prufusetning 2    1   2   Dæmi um spurningu2?
nafn_upptoku_prufu_3.wav	S	Texti prufusetning 3    2   3   Dæmi um spurningu3?
nafn_upptoku_prufu_4.wav	S	Texti prufusetning 4    2   4   Dæmi um spurningu4?
nafn_upptoku_prufu_5.wav	R	Texti prufusetning 5    3   1   Dæmi um spurningu5?
nafn_upptoku_prufu_6.wav	R	Texti prufusetning 6    3   2   Dæmi um spurningu6?
nafn_upptoku_prufu_7.wav	R	Texti prufusetning 7    4   7   Dæmi um spurningu7?
nafn_upptoku_prufu_8.wav	S	Texti prufusetning 8    2   8   Dæmi um spurningu8?
nafn_upptoku_prufu_9.wav	R	Texti prufusetning 9    4   9   Dæmi um spurningu9?
nafn_upptoku_prufu_10.wav	S	Texti prufusetning 10    1   10   Dæmi um spurningu10?
nafn_upptoku_prufu_11.wav	R	Texti prufusetning 11    3   11   Dæmi um spurningu11?