nafn_upptoku_prufu_1.wav	Texti prufusetning 1	from_rare(valfrjálst)	0.07514682757913117	~ p œ ou t i j a
nafn_upptoku_prufu_2.wav	Texti prufusetning 2	from_rare(valfrjálst)	0.035138467064853206	~ ɔ j
nafn_upptoku_prufu_3.wav	Texti prufusetning 3	from_rare(valfrjálst)	0.03389353223344175	~ h uː n
nafn_upptoku_prufu_4.wav	Texti prufusetning 4	from_rare(valfrjálst)	0.03330112691678598	~ p ɪ x kʰ a x n œy f s k r ɪ f t ɪ n
nafn_upptoku_prufu_5.wav	Texti prufusetning 5	eiki(valfrjálst)	0.028413977623927073	~ pʰ ʏ k l ɪ ɛː s ɛ
nafn_upptoku_prufu_6.wav	Texti prufusetning 6	from_rare(valfrjálst)	0.027872764617370926	~ θ ɛ s ɪ
nafn_upptoku_prufu_7.wav	Texti prufusetning 7	domstolar(valfrjálst)	0.024517174673391894	~ θ ɛ h t a
nafn_upptoku_prufu_8.wav	Texti prufusetning 8	from_rare(valfrjálst)	0.024450454931587293	~ h uː n
nafn_upptoku_prufu_9.wav	Texti prufusetning 9	from_rare(valfrjálst)	0.024338629448972894	~ j auː
nafn_upptoku_prufu_10.wav	Texti prufusetning 10	sjonvarpid(valfrjálst)	0.023988012669317275	~ s k ɔ
nafn_upptoku_prufu_11.wav	Texti prufusetning 11	from_rare(valfrjálst)	0.02176425223950083	~ h ɛː v ʏ r ʏ